QVBAO,Edward,Hanson,AUTOMATION_AND_APPLIED_INFORMATICS
NNR7S,OSX7G,,
I3J1Z,Erin,Hopkins,COMMUNICATION_AND_PUBLIC_RELATIONS
NHKO4,COHWU,ZIZQ7,
BSA6S,Wade,Burnett,COMPUTER_SCIENCE
1WNJD,,,
DPLSX,Troy,Blanchard,HORTICULTURAL_ENGINEERING
WWQUG,,,
8TSXA,Oren,Fernandez,INFORMATION_SCIENCE
T5CMM,QRHT3,,
9RJIJ,Meaghan,Chan,LANDSCAPE_ARCHITECTURE
BY3TL,NNR7S,OSX7G,
QG9PB,Dex,Singh,MANUFACTURING_ENGINEERING
BY3TL,,,
8MICA,Coreen,Schultz,MECHATRONICS
BY3TL,,,
W3JDA,Malachi,Bowers,PUBLIC_HEALTH_SERVICES_AND_POLICIES
057IQ,NNR7S,OSX7G,
N89XF,Kae,Stein,TELECOMMUNICATION
057IQ,,,
B8Y7V,Carmden,Vaughn,TRANSLATION_AND_INTERPRETING_STUDIES
057IQ,,,
EJ6KF,Adelaide,Mendoza,AUTOMATION_AND_APPLIED_INFORMATICS
057IQ,NNR7S,OSX7G,
AWJYE,Kylie,Rodriguez,COMMUNICATION_AND_PUBLIC_RELATIONS
3CEXD,,,
NDYLG,Tanner,Patterson,COMPUTER_SCIENCE
NNR7S,NNR7S,OSX7G,
SCQK2,Murphy,Aguirre,HORTICULTURAL_ENGINEERING
GYEXT,9UQ4P,,
2XG68,Mae,Berg,INFORMATION_SCIENCE
NNR7S,OSX7G,GYEXT,9UQ4P
7E3YS,Naveen,Lucero,LANDSCAPE_ARCHITECTURE
GYEXT,9UQ4P,,
4M5IQ,Brock,Grant,MANUFACTURING_ENGINEERING
NNR7S,OSX7G,,
GCID5,Joseph,Trujillo,MECHATRONICS
GYEXT,9UQ4P,,
HSKO1,Silvia,Williamson,PUBLIC_HEALTH_SERVICES_AND_POLICIES
GYEXT,9UQ4P,,
6X0JF,Evelyn,Carson,TELECOMMUNICATION
NNR7S,OSX7G,,
XWOE3,Robert,Novak,TRANSLATION_AND_INTERPRETING_STUDIES
GYEXT,9UQ4P,,
XBB66,Myron,Ross,AUTOMATION_AND_APPLIED_INFORMATICS
NNR7S,OSX7G,,
6HS0I,Henry,Reynolds,COMMUNICATION_AND_PUBLIC_RELATIONS
GYEXT,9UQ4P,,
WYB8Y,Jae,Yu,COMPUTER_SCIENCE
NNR7S,OSX7G,,
MXC93,Gavin,Elliott,HORTICULTURAL_ENGINEERING
GYEXT,9UQ4P,,
NLN65,Will,Jefferson,INFORMATION_SCIENCE
GYEXT,9UQ4P,,
UOEWL,Jack,Baker,LANDSCAPE_ARCHITECTURE
NNR7S,OSX7G,,
I0TH5,Neil,Huff,MANUFACTURING_ENGINEERING
JUHXF,ELO96,KL737,0GXDX
90V44,Korin,Boyd,MECHATRONICS
JUHXF,ELO96,KL737,0GXDX
YT8SP,Apollo,Boyle,PUBLIC_HEALTH_SERVICES_AND_POLICIES
JUHXF,ELO96,KL737,0GXDX
VB9VY,Reagan,Roberts,TELECOMMUNICATION
JUHXF,ELO96,KL737,0GXDX
S1ML4,Anise,Valenzuela,TRANSLATION_AND_INTERPRETING_STUDIES
JUHXF,ELO96,KL737,0GXDX
P8FDT,Lane,Spencer,AUTOMATION_AND_APPLIED_INFORMATICS
JUHXF,ELO96,KL737,0GXDX
8GN7L,Lucinda,Petersen,COMMUNICATION_AND_PUBLIC_RELATIONS
JUHXF,ELO96,KL737,0GXDX
RO4Z9,Caren,Briggs,COMPUTER_SCIENCE
JUHXF,ELO96,KL737,0GXDX
P58R3,Justin,Martinez,HORTICULTURAL_ENGINEERING
46CC6,BI0SW,KXN6M,
TSIWR,Emeline,Davenport,INFORMATION_SCIENCE
46CC6,BI0SW,KXN6M,
79RMD,Levi,Miller,LANDSCAPE_ARCHITECTURE
46CC6,BI0SW,KXN6M,
GHHE6,Brighton,Rhodes,MANUFACTURING_ENGINEERING
46CC6,BI0SW,KXN6M,
NVA73,Gwendolen,Beard,MECHATRONICS
46CC6,BI0SW,KXN6M,
AVHDI,Gregory,Mejia,PUBLIC_HEALTH_SERVICES_AND_POLICIES
46CC6,BI0SW,KXN6M,
Q4SCE,Devon,Joyce,TELECOMMUNICATION
46CC6,BI0SW,KXN6M,
0DQVP,Fawn,Wiley,TRANSLATION_AND_INTERPRETING_STUDIES
46CC6,BI0SW,KXN6M,
HJ91Y,Blaise,Callahan,AUTOMATION_AND_APPLIED_INFORMATICS
T9JPX,NNR7S,OSX7G,
XOWEM,Marcella,Bryan,COMMUNICATION_AND_PUBLIC_RELATIONS
T9JPX,NNR7S,OSX7G,
P2N1I,Kate,Gilmore,COMPUTER_SCIENCE
T9JPX,NNR7S,OSX7G,
UG2W9,Bram,Bailey,HORTICULTURAL_ENGINEERING
T9JPX,NNR7S,OSX7G,
11K2Y,Tobias,Pope,INFORMATION_SCIENCE
T9JPX,NNR7S,OSX7G,
V6OOM,Nevin,Wiggins,LANDSCAPE_ARCHITECTURE
T9JPX,NNR7S,OSX7G,
